{
  "total_samples": 318,
  "scenario_distribution": {
    "qa_rule": 279,
    "arch_design": 39
  },
  "length_stats": {
    "instruction": {
      "min": 28,
      "max": 194,
      "avg": 65.49056603773585
    },
    "context": {
      "min": 136,
      "max": 5360,
      "avg": 1024.559748427673
    },
    "answer": {
      "min": 58,
      "max": 1262,
      "avg": 442.6069182389937
    }
  },
  "evidence_refs": {
    "min": 1,
    "max": 5,
    "avg": 1.6163522012578617
  }
}